OIL_SAMPLE_NUMBER,PREDICTIONS,WAT
1,303.6066225,304
2,309.5223243,312
3,315.2229859,314
4,320.0415633,321
5,309.1539405,313
6,315.1970442,312
7,311.9283878,308
8,308.8562824,311
9,308.5872155,309
10,319.9473168,314
11,295.0591741,295
12,301.4945835,305
13,0.46544434,0
14,310.5997736,307
15,307.0743937,308
16,311.5685981,310
17,306.6743498,312
